"Account Executive, Digital Marketing",Boston,"Thursday, May 17, 2018"
,,
"Account Manager, Media",Tokyo,"Thursday, May 17, 2018"
,,
Accounts Receivable Intern,Boston,"Thursday, May 17, 2018"
,,
Android Developer,Boston,"Thursday, May 17, 2018"
,,
"Associate Solutions Engineer, EMEA",London,"Thursday, May 17, 2018"
,,
BGS Software Engineer Co-Op - Fall 2018,Boston,"Thursday, May 17, 2018"
,,
Billing Intern - Seattle,Seattle,"Thursday, May 17, 2018"
,,
Careers at Brightcove,Boston,"Thursday, May 17, 2018"
,,
Customer Support Representative Co-Op - Fall 2018,Boston,"Thursday, May 17, 2018"
,,
Customer Support Representative - Fall 2018 - London,London,"Thursday, May 17, 2018"
,,
Developer - iOS,Tokyo,"Thursday, May 17, 2018"
,,
"Director, Media Client Solutions",Boston,"Thursday, May 17, 2018"
,,
"Director, Media Client Solutions",Los Angeles,"Thursday, May 17, 2018"
,,
"Director of Engineering, Media Technologies",London,"Thursday, May 17, 2018"
,,
"Director, Product Marketing, Media",Boston,"Thursday, May 17, 2018"
,,
Director Security Business Operations,Boston,"Thursday, May 17, 2018"
,,
"Engineering Manager, Video Players",Boston,"Thursday, May 17, 2018"
,,
Financial Analyst,Boston,"Thursday, May 17, 2018"
,,
iOS Developer,Boston,"Thursday, May 17, 2018"
,,
"Marketing Director, EMEA",London,"Thursday, May 17, 2018"
,,
Office Services Coordinator - Part Time,Boston,"Thursday, May 17, 2018"
,,
Project Manager,Scottsdale,"Thursday, May 17, 2018"
,,
Project Manager or Technical Manager,Tokyo,"Thursday, May 17, 2018"
,,
QA Engineer,Boston,"Thursday, May 17, 2018"
,,
Sales Development Representative,Boston,"Thursday, May 17, 2018"
,,
"Sales Director, Media - London",London,"Thursday, May 17, 2018"
,,
"Sales Director, Media - Singapore",Singapore,"Thursday, May 17, 2018"
,,
"Sales Engineer, EMEA",London,"Thursday, May 17, 2018"
,,
Senior Business Analyst,Boston,"Thursday, May 17, 2018"
,,
"Senior Product Manager, Enterprise",Boston,"Thursday, May 17, 2018"
,,
"Senior Software Engineer, CMS",Boston,"Thursday, May 17, 2018"
,,
"Senior Software Engineer, Delivery",Boston,"Thursday, May 17, 2018"
,,
Senior Web Engineer,Boston,"Thursday, May 17, 2018"
,,
"Software Engineer, CMS",Boston,"Thursday, May 17, 2018"
,,
Software Engineer Co-Op - Fall 2018,Boston,"Thursday, May 17, 2018"
,,
"Software Engineer, Delivery",Boston,"Thursday, May 17, 2018"
,,
"Software Engineer, Studio",Boston,"Thursday, May 17, 2018"
,,
Systems Administrator ,Boston,"Thursday, May 17, 2018"
,,
Technical Business Analyst - CONTRACT ,Singapore,"Thursday, May 17, 2018"
,,
Technical Lead,Boston,"Thursday, May 17, 2018"
,,
"Technical Support Engineer - Tier 2, Developer",Boston,"Thursday, May 17, 2018"
,,
"VP, Global Solutions",Boston,"Thursday, May 17, 2018"
