JOB TYPE,JOB TITLE,LOCATION,DATE POSTED,JOB DESCRIPTION,JOB DURATION
,,,,,
N/A,Sales Commission Analyst,US-MA-Boston,28-Jun-18,N/A,N/A
,,,,,
N/A,Senior Software Engineer,CA-CA-Oakville,22-Jun-18,N/A,N/A
,,,,,
N/A,Business Development Representative,US-IL-Chicago,22-Jun-18,N/A,N/A
,,,,,
N/A,Business Development Representative,US-UT-Salt Lake City,22-Jun-18,N/A,N/A
,,,,,
N/A,"Marketing Manager, Automation/Marketo",US-MA-Boston,22-Jun-18,N/A,N/A
,,,,,
N/A,Customer Success Manager,US-MA-Boston,21-Jun-18,N/A,N/A
,,,,,
N/A,Customer Success Manager,US-IL-Chicago,21-Jun-18,N/A,N/A
,,,,,
N/A,Accounts Receivable Specialist,US-MA-Boston,21-Jun-18,N/A,N/A
,,,,,
N/A,"Manager, Europe Human Resources",CH-ZH-Zurich,19-Jun-18,N/A,N/A
,,,,,
N/A,Marketing Web Analyst,US-MA-Boston,15-Jun-18,N/A,N/A
,,,,,
N/A,Customer Success Associate I,US-MA-Boston,15-Jun-18,N/A,N/A
,,,,,
N/A,"Business Development Representative, Customer Success",US-IL-Chicago,15-Jun-18,N/A,N/A
,,,,,
N/A,Senior HR Business Partner,US-MA-Boston,15-Jun-18,N/A,N/A
,,,,,
N/A,Software Engineer II,US-CA-Sunnyvale,14-Jun-18,N/A,N/A
,,,,,
N/A,Software Quality Engineer I,US-UT-Draper,13-Jun-18,N/A,N/A
,,,,,
N/A,"Technical Support Engineer I, Mid Market",US-UT-Salt Lake City,13-Jun-18,N/A,N/A
,,,,,
N/A,Software Engineer II,US-MA-Boston,13-Jun-18,N/A,N/A
,,,,,
N/A,"Manager, Technical Support Team",US-UT-Salt Lake City,31-May-18,N/A,N/A
,,,,,
N/A,Software Engineer,US-CA-Sunnyvale,30-May-18,N/A,N/A
,,,,,
N/A,Customer Success Manager,US-UT-Draper,29-May-18,N/A,N/A
,,,,,
N/A,"Sr. Software Engineer, Cloud Components",CA-CA-Oakville,28-May-18,N/A,N/A
,,,,,
N/A,Sr. Financial Analyst,US-MA-Boston,22-May-18,N/A,N/A
,,,,,
N/A,Sales Engineer (Germany),DE-DE-Viersen,17-May-18,N/A,N/A
,,,,,
N/A,Sr. Software Engineer,US-IN-Indianapolis,16-May-18,N/A,N/A
,,,,,
N/A,Senior Systems Engineer,US-MA-Boston,15-May-18,N/A,N/A
,,,,,
End Data Range,26,,,,
,,,,,
JOB TYPE,JOB TITLE,LOCATION,DATE POSTED,JOB DESCRIPTION,JOB DURATION
,,,,,
End Data Range,1,,,,
